{
  "type" : "arObject",
  "data" : {
    "center" : [
      -5.3927302360534668e-05,
      0.023411184549331665,
      0.00016927719116210938
    ],
    "scale" : [
      1,
      1,
      1
    ],
    "extent" : [
      0.15255334973335266,
      0.043190836906433105,
      0.16199791431427002
    ]
  }
}