{
  "type" : "arObject",
  "data" : {
    "center" : [
      -0.002261728048324585,
      0.0635567307472229,
      0.002110600471496582
    ],
    "scale" : [
      0.99999982118606567,
      1,
      0.99999982118606567
    ],
    "extent" : [
      0.23135173320770264,
      0.12381237745285034,
      0.19748663902282715
    ]
  }
}