{
  "type" : "arObject",
  "data" : {
    "center" : [
      -7.9929828643798828e-05,
      0.016758628189563751,
      -0.00069688260555267334
    ],
    "scale" : [
      1,
      1,
      1
    ],
    "extent" : [
      0.35582488775253296,
      0.033418014645576477,
      0.37966549396514893
    ]
  }
}