{
  "type" : "arObject",
  "data" : {
    "center" : [
      0.00075666606426239014,
      0.058602325618267059,
      -2.0056962966918945e-05
    ],
    "scale" : [
      1,
      1,
      1
    ],
    "extent" : [
      0.43204414844512939,
      0.11657242476940155,
      0.3926849365234375
    ]
  }
}